policy.number,number,class,code,basis,basis_type,total,loss_coverage,enhancement,mechanical,theft,spoilage,coins,valuation,ded,limt_bldg,limit_bpp,limit_earnings,limit_sign,limit_pumps,limit_canopies,
PPK0001000,1,Restaurant,16941,26122.41,Sales,2062,Special,Elite,Yes,Yes,No,0.8,RC,1000,300000,75000,35000,,,,1/4
PPK0001001,1,Restaurant,16814,550000,Sales,9076,Special,Elite,Yes,Yes,Yes,0.8,RC,2500,400000,100000,200000,25000,,,
PPK0001002,1,Grocery,13673,1039746,Sales,5390,Special,Elite,No,Yes,No,1,RC,5000,450000,183600,100000,,,,
PPK0001003,1,Grocery,13673,450000,Sales,3685,Special,Elite,Yes,Yes,No,0.9,RC,1000,400000,125000,60000,,100000,120000,
PPK0001004,1,Grocery,13673,1100000,Sales,4784,Special,None,No,No,No,0.8,RC,2500,500000,300000,150000,,,,
PPK0001005,1,Restaurant,16900,180000,Sales,1559,Special,Elite,Yes,Yes,Yes,0.9,RC,1000,,100000,60000,,,,
PPK0001007,1,,,1300000,,5496,Special,Elite,Yes,Yes,No,0.8,RC,2500,1000000,350000,100000,15000,,,
PPK0001008,1,Grocery,13673,360000,Sales,2004,Special,Elite,No,No,No,0.9,RC,2500,200000,40000,30000,,40000,40000,
PPK0001009,1,Restaurant,,350000,Sales,4274,Special,Elite,No,No,Yes,0.8,RC,1000,450000,80000,50000,10000,,,
PPK0001010,1,Restaurant,16916,305000,Sales,4069,Special,Elite,No,No,Yes,0.8,RC,1000,600000,100000,100000,,,,1/6
PPK0001011,1,Building or Premises (LRO),61212,20000,Area,3131,Special,Elite,No,Yes,No,0.9,RC,2500,1200000,,,,,,
PPK0001012,1,gas station,13673,460000,g,1963,Special,Elite,No,No,No,0.8,RC,2500,175000,75000,,,50000,50000,
PPK0001013,1,Restaurant,,275000,Sales,1225,Special,Select,No,No,No,0.8,RC,1000,,150000,,,,,
PPK0001014,1,Grocery,13673,1800000,Sales,3871,Special,Elite,Yes,Yes,No,0.9,RC,1000,300000,50000,72000,10000,40000,100000,
PPK0001015,1,Grocery,13673,720000,Sales,2085,Special,Elite,Yes,Yes,No,0.9,RC,1000,200000,60000,60000,5000,80000,55000,
PPK0001016,1,Grocery,13673,500000,Sales,2558,Special,Elite,Yes,Yes,No,0.9,RC,1000,300000,50000,100000,5000,40000,30000,1/6
PPK0001019,1,Restaurant,16910,798000,Sales,7734,Special,Elite,Yes,Yes,Yes,0.9,RC,1000,500000,350000,350000,2000,,,1/6
PPK0001020,1,Grocery,,400000,Sales,2505,Special,Elite,Yes,No,No,0.9,RC,2500,200000,75000,30000,,50000,50000,1/3
PPK0001021,1,Grocery ,13673,859000,Sales,2394,Special,None,No,No,No,0.8,RC,1000,470452,127617,12500,,,,
PPK0001022,1,Restaurant,16900,360000,Sales,1587,Special,Elite,No,Yes,No,0.9,RC,1000,200000,50000,,,,,
PPK0001023,1,Grocery,13673,500000,Sales,1865,Special,Elite,No,Yes,No,0.9,RC,1000,200000,60000,30000,,40000,50000,1/6
PPK0001024,1,Restaurant,16910,770000,Sales,1997,Special,Elite,Yes,Yes,No,0.9,RC,1000,,250000,100000,,,,1/3
PPK0001026,1,Restaurant,16901,700000,Sales,2214,Special,None,No,No,No,0,RC,0,,133000,100000,,,,1/6
PPK0001027,1,Grocery,13673,1200000,Sales,5447,Special,None,Yes,Yes,Yes,0.8,RC,1000,350000,100000,300000,15000,130000,120000,1/6
PPK0001028,1,Grocery,13673,360000,Sales,4135,Special,Elite,No,No,No,0.9,RC,2500,150000,100000,30000,,50000,50000,
PPK0001029,1,Restaurant,16900,360000,Sales,2797,Special,Elite,Yes,Yes,No,0.8,RC,1000,350000,125000,180000,,,,1/6
PPK0001030,1,Grocery,13673,600000,Sales,2760,Special,Elite,Yes,Yes,No,0.9,RC,2500,320000,100000,60000,,40000,40000,1/6
PPK0001031,1,Grocery Store,13673,150000,Sales,2515,Special,Elite,Yes,Yes,Yes,0.8,RC,2500,100000,80000,60000,,,,
PPK0001032,1,Grocery Store,13673,625831,Sales,5223,Special,Elite,Yes,Yes,Yes,0.9,RC,1000,500000,200000,130000,,,,1/3
PPK0001033,1,Grocery,13673,200000,Sales,1767,Special,Elite,Yes,Yes,Yes,0.9,RC,1000,150000,25000,60000,5000,35000,30000,1/6
PPK0001034,1,Restaurant,16930,160000,Sales,2994,Special,Elite,Yes,Yes,Yes,0.8,RC,1000,350000,100000,40000,5000,,,
PPK0001035,1,Restaurant,16910,440000,Sales,2704,Special,Elite,Yes,Yes,Yes,0.8,RC,1000,350000,50000,100000,,,,1/3
PPK0001036,1,Restaurant,16910,273207,Sales,3238,Special,Elite,Yes,Yes,Yes,0.8,RC,1000,375000,100000,120000,10000,,10000,1/6
PPK0001037,1,Grocery,13673,400000,Sales,3032,Special,Elite,Yes,Yes,No,0.9,RC,2500,250000,75000,,,60000,60000,
PPK0001038,1,Restaurant,16931,150000,Sales,1421,Special,Elite,Yes,No,No,0.8,RC,1000,60000,35000,20000,,,,1/4
PPK0001039,1,Grocery,13673,600000,Sales,2116,Special,Elite,Yes,Yes,No,0.9,RC,1000,300000,50000,60000,5000,40000,30000,1/6
PPK0001040,1,Restaurant,16900,300000,Sales,2524,Special,Elite,No,Yes,No,0.8,RC,1000,500000,150000,,,,,
PPK0001041,1,Restaurant,16910,800000,Sales,7063,Special,Elite,Yes,Yes,Yes,0.8,RC,1000,1300000,400000,200000,10000,,,1/6
PPK0001042,1,Grocery,13673,1400000,Sales,8080,Special,Elite,Yes,Yes,No,0.8,RC,2500,450000,500000,200000,,,,1/6
PPK0001043,1,Grocery Store,13673,360000,Sales,1542,Special,Elite,Yes,Yes,No,0.9,RC,1000,125000,75000,30000,,50000,,1/3
PPK0001044,1,Grocery,13673,800000,Sales,3054,Special,Elite,Yes,Yes,Yes,0.8,RC,2500,670000,150000,300000,3000,,,1/6
PPK0001045,1,Grocery,13673,500000,Sales,2250,Special,Elite,Yes,Yes,Yes,0.9,RC,1000,150000,100000,60000,5000,50000,50000,1/6
PPK0001046,1,Grocery,13673,950000,Sales,4331,Special,Elite,Yes,No,No,0,RC,2500,300000,200000,180000,10000,,,1/6
PPK0001047,1,Grocery,13673,730000,Sales,2299,Special,Elite,Yes,Yes,No,0.9,RC,1000,270000,60000,72000,,60000,100000,1/6
PPK0001048,1,Grocery,13673,720000,Sales,2792,Special,Elite,Yes,Yes,No,0.9,RC,1000,350000,30000,60000,5000,60000,40000,1/6
PPK0001049,1,Grocery Stores,13673,350000,Sales,1775,Special,Elite,Yes,Yes,No,0.9,RC,2500,150000,75000,30000,,60000,50000,1/3
PPK0001050,1,Grocery,13673,350000,Sales,2289,Special,Elite,Yes,No,No,0.9,RC,2500,200000,75000,30000,,30000,40000,1/6
PPK0001051,1,Grocery,13673,500000,Sales,2059,Special,Elite,Yes,Yes,No,0.9,RC,1000,200000,60000,100000,,60000,60000,1/6
PPK0001052,1,Restaurant,16940,135000,Sales,2997,Special,Elite,Yes,No,Yes,0.9,RC,1000,275000,100000,40000,,,,1/4
PPK0001053,1,Grocery,13673,654000,Sales,4024,Special,Elite,Yes,Yes,Yes,0.8,RC,1000,675000,312000,197000,10000,,,1/6
PPK0001054,1,Restaurant,16916,710000,Sales,5116,Special,Elite,Yes,Yes,No,0.9,RC,1000,250000,75000,100000,,,,1/4
PPK0001055,1,Grocery,13673,600000,Sales,2355,Special,Elite,Yes,Yes,No,0.9,RC,1000,278000,55000,60000,5000,60000,65000,
PPK0001056,1,Restaurant,16916,1559000,Sales,5037,Special,Elite,Yes,Yes,Yes,0.8,RC,1000,550000,400000,180000,25000,,,1/6
PPK0001057,1,Building or Premises LRO,61212,3000,Area,3834,Special,Elite,Yes,No,No,0.9,RC,2500,150000,,25000,5000,,,1/6
PPK0001058,1,Restaurant,16900,250000,Sales,4586,Special,Elite,Yes,Yes,No,0.8,RC,2500,300000,100000,50000,,,,1/6
PPK0001059,1,Restaurant,16900,240000,Sales,2868,Special,Elite,Yes,Yes,Yes,0.8,RC,2500,150000,30000,25000,,,,1/6
PPK0001060,1,Grocery,13673,1000000,Sales,4085,Special,Elite,Yes,Yes,No,0.8,RC,2500,400000,350000,100000,10000,,,1/6
PPK0001061,1,Building or Premises ,16212,7100,Area,1285,Special,Elite,Yes,Yes,No,0.9,RC,1000,200000,,,5000,,,
PPK0001062,1,Restaurant,16900,120000,Sales,2425,Special,Elite,Yes,Yes,No,0.8,RC,2500,300000,150000,50000,5000,,,1/6
PPK0001063,1,Grocery,13673,720000,Sales,2350,Special,Elite,Yes,Yes,No,0.9,RC,1000,250000,60000,60000,5000,50000,30000,1/6
PPK0001064,1,Grocery,13673,375000,Sales,1890,Special,Elite,Yes,Yes,No,0.8,RC,2500,275000,60000,40000,,,,1/6
PPK0001065,1,Restaurant,16900,300000,Sales,2525,Special,Elite,Yes,Yes,No,0.8,RC,2500,300000,150000,75000,5000,,,1/6
PPK0001068,1,Restaurant,16900,120000,Sales,1747,Special,Elite,Yes,Yes,No,0.8,RC,2500,200000,75000,50000,5000,,,1/6
PPK0001070,1,Restaurant,16916,274000,Sales,2704,Special,Elite,Yes,Yes,No,0.8,RC,1000,228375,75000,50000,,,,1/3
PPK0001071,1,Grocery,13673,550000,Sales,809,Special,Elite,Yes,Yes,No,0.9,RC,1000,,50000,60000,,,,1/6
PPK0001072,1,Grocery,13673,1000000,Sales,3047,Special,Elite,Yes,Yes,No,0.9,RC,1000,350000,120000,50000,5000,,,1/6
PPK0001073,1,Grocery,13673,400000,Sales,1494,Special,Elite,Yes,Yes,No,0.9,RC,1000,,100000,30000,,40000,40000,1/3
PPK0001074,1,Restaurant,16900,100000,Sales,744,Special,Elite,Yes,Yes,No,0.9,RC,5000,,50000,,,,,
PPK0001075,1,Grocery Sales,13673,600000,Sales,3610,Special,Elite,Yes,Yes,No,0.9,RC,5000,170000,80000,120000,,40000,50000,1/4
PPK0001076,1,Restaurant ,16911,285000,Sales,2941,Special,Elite,Yes,Yes,No,0.8,RC,1000,200000,75000,40000,,,,1/4
PPK0001077,1,Restaurant,16920,125000,Sales,1340,Special,Elite,Yes,Yes,No,0.8,RC,1000,150000,50000,,,,,
PPK0001078,1,Grocery  ,13763,400000,Sales,2202,Special,Elite,Yes,Yes,No,0.9,RC,1000,200000,20000,60000,5000,50000,35000,1/3
PPK0001079,1,Grocery,13673,400000,Sales,1590,Special,Elite,Yes,Yes,No,0.9,RC,1000,150000,60000,30000,,30000,30000,1/3
PPK0001080,1,Grocery,13673,325000,Sales,1927,Special,Elite,Yes,Yes,No,0.8,RC,2500,300000,80000,50000,10000,50000,50000,1/6
PPK0001081,1,Grocery ,13673,350000,Sales,2478,Special,Elite,Yes,Yes,No,0.9,RC,2500,200000,75000,30000,,60000,60000,1/3
PPK0001082,1,Grocery,13673,1050000,Sales,5110,Special,Elite,Yes,Yes,No,0.9,RC,1000,200000,100000,60000,5000,80000,50000,1/6
PPK0001083,1,Restaurant,16910,1400000,Sales,2851,Special,Elite,Yes,Yes,Yes,0.9,RC,2500,375000,175000,180000,5000,,,1/6
PPK0001084,1,Grocery,13673,1000000,Sales,3564,Special,Elite,Yes,Yes,No,0.9,RC,1000,500000,100000,60000,5000,60000,60000,1/6
PPK0001085,1,Grocery,13763,740000,Sales,2123,Special,Elite,Yes,Yes,No,0.8,ACV,1000,216000,100000,120000,,,,1/3
PPK0001086,1,Restaurant,16900,300000,Sales,2975,Special,Elite,Yes,Yes,Yes,0.9,RC,1000,100000,300000,90000,,,,1/3
PPK0001087,1,Grocery,13673,1000000,Sales,4821,Special,Elite,Yes,Yes,No,0.8,RC,2500,450000,200000,100000,10000,,,1/6
PPK0001088,1,Restaurant,16916,112000,Sales,1829,Special,Elite,Yes,Yes,Yes,0.9,RC,1000,260800,50000,50000,,,,1/6
PPK0001089,1,Restaurant,16941,60000,Sales,,Special,None,No,No,No,0,RC,0,,,,,,,
PPK0001090,1,Grocery,13673,500000,Sales,1745,Special,Elite,Yes,Yes,No,0.9,RC,2500,,100000,30000,,40000,40000,1/3
PPK0001091,1,Grocery,13673,365000,Sales,2098,Special,Elite,Yes,Yes,No,0.9,RC,1000,365000,40000,60000,5000,50000,70000,1/6
PPK0001093,1,Grocery,13673,500000,Sales,1745,Special,Elite,Yes,Yes,No,0.9,RC,2500,,100000,30000,,40000,40000,
PPK0001094,1,Restaurant,16900,200000,Sales,5055,Special,Elite,Yes,Yes,Yes,0.8,RC,2500,254000,97000,100000,5000,,,1/6
PPK0001095,1,Restaurant,16900,150000,Sales,1632,Special,Elite,Yes,Yes,No,0.8,RC,2500,,75000,30000,,,,1/6
PPK0001096,1,Grocery,13673,365000,Sales,1914,Special,Elite,Yes,Yes,No,0.9,RC,1000,360000,55000,60000,5000,50000,50000,1/6
PPK0001097,1,Restaurant,169000,150000,Sales,1614,Special,Elite,Yes,Yes,No,0.8,RC,2500,80000,50000,,,,,
PPK0001098,1,Grocery,13673,1500000,Sales,2390,Special,Elite,Yes,Yes,No,0.9,RC,1000,500000,100000,60000,5000,50000,60000,1/6
PPK0001099,1,Grocery,13673,300000,Sales,1766,Special,Elite,Yes,Yes,No,0.9,RC,1000,250000,40000,60000,5000,60000,60000,1/6
PPK0001100,1,Restaurant,16900,250000,Sales,2862,Special,Elite,No,Yes,No,0.8,ACV,1000,300000,100000,125000,,,,1/6
PPK0001101,1,Restaurant,16915,275000,Sales,4701,Special,Elite,Yes,Yes,No,0.8,RC,1000,400000,200000,60000,5000,,,1/4
PPK0001102,1,Restaurant,16900,300000,Sales,3370,Special,Elite,Yes,Yes,Yes,0.8,RC,1000,600000,80000,50000,10000,,,1/6
PPK0001103,1,Building or Premises LRO,16212,4800,Area,1130,Special,None,Yes,Yes,No,0.8,RC,1000,225700,,30000,,,,1/3
PPK0001104,1,Building or Premises LRO,61212,1850,Area,1791,Special,Elite,Yes,Yes,No,0,RC,0,300000,,60000,5000,100000,100000,1/6
PPK0001105,1,Restaurant,16930,108000,Sales,2697,Special,Elite,Yes,Yes,No,0.8,RC,1000,200000,75000,30000,2500,,,1/4
PPK0001106,1,Grocery,13763,400000,Sales,2420,Special,Elite,Yes,Yes,No,0.9,RC,2500,120000,40000,60000,5000,30000,70000,1/6
PPK0001107,1,Grocery,13673,800000,Sales,1951,Special,Elite,Yes,Yes,No,0.9,RC,1000,200000,50000,60000,5000,40000,80000,1/6
PPK0001108,1,Grocery,13673,300000,Sales,887,Special,Elite,Yes,Yes,No,0.9,RC,1000,,30000,60000,5000,,,
PPK0001109,1,Restaurant,16915,242000,Sales,4121,Special,Elite,Yes,Yes,Yes,0.8,RC,1000,425000,150000,60000,,,,1/4
PPK0001110,1,Restaurant,16916,720000,Sales,2517,Special,Elite,Yes,Yes,No,0.8,RC,1000,,200000,360000,,,,1/6
PPK0001111,1,Grocery,13763,750000,Sales,1688,Special,Elite,Yes,Yes,No,0.9,RC,1000,300000,50000,60000,5000,40000,50000,1/6
PPK0001112,1,Building or Premises LRO,61212,8000,Area,3558,Special,Elite,Yes,Yes,No,0.9,RC,1000,750000,,,,,,
PPK0001113,1,Grocery,13673,1530000,Sales,5260,Special,Elite,Yes,Yes,No,1,RC,1000,700000,350000,180000,10000,90000,90000,1/6
PPK0001114,1,Grocery,13673,1000000,Sales,3422,Special,Elite,Yes,Yes,No,0.9,RC,2500,350000,250000,30000,10000,,,1/3
PPK0001115,1,Grocery,13673,980000,Sales,3527,Special,Elite,Yes,Yes,No,0.9,RC,2500,300000,200000,100000,10000,,,
PPK0001116,1,Grocery,13673,1603000,Sales,3968,Special,Elite,Yes,Yes,No,0.9,RC,2500,300000,250000,100000,10000,,,1/3
PPK0001117,1,Grocery,13673,550000,Sales,2770,Special,Elite,Yes,Yes,No,0.9,RC,1000,225000,85000,100000,5000,50000,55000,1/6
PPK0001118,1,,13673,1000000,Sales,8159,Special,Elite,Yes,Yes,No,0.9,RC,5000,600000,229500,200000,,,,1/6
PPK0001119,1,Grocery,13763,500000,Sales,2051,Special,Elite,Yes,Yes,No,0.9,RC,1000,280000,50000,60000,5000,50000,80000,1/6
PPK0001120,1,Gasoline,13545,660000,Gallons,3244,Special,Elite,Yes,No,No,0.9,RC,5000,214000,125000,120000,,60000,50000,1/4
PPK0001121,1,Grocery,13763,1200000,Sales,7186,Special,Elite,Yes,Yes,No,0.8,RC,2500,750000,300000,120000,7500,,,1/6
PPK0001122,1,Grocery,13763,750000,Sales,4707,Special,Elite,Yes,Yes,No,0.8,RC,2500,275000,250000,75000,,,,1/6
PPK0001123,1,Grocery,13763,840000,Sales,2736,Special,Elite,Yes,Yes,No,0.9,RC,1000,275000,80000,60000,5000,40000,50000,1/6
PPK0001124,1,Grocery,13763,375000,Sales,2238,Special,Elite,Yes,Yes,Yes,0.9,RC,1000,350000,80000,40000,7500,120000,,1/6
PPK0001125,1,Restaurant,16941,98000,Sales,1220,Special,Elite,Yes,Yes,No,0.8,RC,1000,169000,11760,20000,,,,
PPK0001126,1,Grocery,13673,450000,Sales,1947,Special,Elite,Yes,Yes,No,0.9,RC,5000,300000,40000,90000,5000,80000,50000,1/6
PPK0001127,1,Grocery,13673,400000,Sales,2922,Special,Elite,Yes,Yes,No,0.9,RC,2500,275000,75000,30000,,50000,50000,
PPK0001128,1,Grocery,13673,100000,Sales,1518,Special,Elite,Yes,Yes,No,0.9,RC,2500,,60000,30000,,,,1/3
PPK0001130,1,Grocery,13763,550000,Sales,2814,Special,Elite,Yes,Yes,No,0.9,RC,2500,150000,35000,100000,,40000,50000,1/4
PPK0001131,1,Restaurant,16915,300000,Sales,3757,Special,Elite,Yes,Yes,Yes,0.8,RC,1000,400000,200000,80000,5000,,,1/4
PPK0001132,1,Grocery,13763,900000,Sales,4234,Special,Elite,Yes,Yes,No,0.9,RC,1000,500000,110000,60000,5000,40000,150000,1/6
PPK0001133,1,Restaurant,16920,275000,Sales,1950,Special,Elite,Yes,Yes,No,0.8,RC,1000,,50000,100000,,,,1/6
PPK0001134,1,Restaurant,16920,400000,Sales,6996,Special,Elite,Yes,Yes,No,0.8,RC,2500,550000,110000,,5000,,,
PPK0001135,1,Restaurant,16900,550000,Sales,6635,Special,Elite,Yes,No,No,0.8,RC,2500,550000,75000,200000,20000,,,1/4
PPK0001136,1,Building or Premises LRO,61212,1600,Area,1521,Special,Elite,Yes,Yes,No,0.9,RC,1000,200000,,60000,5000,,,1/6
PPK0001137,1,Restaurant,16915,1000000,Sales,6043,Special,Elite,Yes,Yes,Yes,0.8,RC,2500,1500000,100000,125000,5000,,,1/3
PPK0001138,1,Grocery,13673,500000,Sales,1520,Special,Elite,Yes,Yes,No,0.9,RC,1000,110000,50000,60000,5000,40000,60000,1/6
PPK0001139,1,Restaurant,16900,750000,Sales,2810,Special,Elite,Yes,Yes,No,0.9,RC,1000,,300000,200000,5000,,,1/6
PPK0001140,1,Grocery,13763,440000,Sales,1384,Special,Elite,Yes,Yes,No,0.9,RC,1000,,100000,60000,5000,,,1/6
PPK0001141,1,Convenience Store,13673,600000,Sales,1850,Special,Elite,Yes,Yes,No,0.9,RC,1000,300000,50000,60000,5000,,50000,1/6
PPK0001142,1,Grocery,13763,300000,Sales,2558,Special,Elite,Yes,Yes,No,0.8,RC,2500,140000,40000,50000,,75000,80000,1/4
PPK0001143,1,Grocery,,700000,Sales,3056,Special,Elite,Yes,Yes,No,0.9,RC,1000,450000,100000,30000,,50000,60000,1/3
PPK0001144,1,Grocery,13763,500000,Sales,2855,Special,Elite,Yes,Yes,No,0.9,RC,1000,400000,100000,60000,5000,30000,30000,1/6
PPK0001145,1,Restaurant,16900,144000,Sales,3533,Special,Elite,Yes,Yes,No,0.8,RC,2500,250000,100000,50000,,,,1/4
PPK0001146,1,Grocery,13673,210000,Sales,1958,Special,Elite,Yes,Yes,Yes,0.8,RC,1000,106400,68500,50000,5000,,,1/6
PPK0001147,1,Building or Premises LRO,61212,5000,Area,3121,Special,Elite,Yes,Yes,No,0.9,RC,1000,500000,,60000,5000,,,1/6
PPK0001148,1,Grocery,13673,125000,Sales,2400,Special,Elite,Yes,Yes,Yes,0.8,RC,1000,,300000,30000,,,,1/3
PPK0001149,1,Restaurant,16930,166501,Sales,947,Special,Elite,No,Yes,No,0.8,RC,1000,125000,25000,20000,,,,1/4
PPK0001150,1,Restaurant,16900,400000,Sales,2105,Special,Elite,Yes,Yes,No,0.8,RC,1000,450000,150000,50000,,,,1/6
PPK0001151,1,Grocery,13763,785000,Sales,3512,Special,Elite,Yes,Yes,No,0.9,RC,2500,940000,200000,180000,15000,9000,,1/6
PPK0001152,1,Grocery,13673,4250000,Sales,11828,Special,Elite,Yes,Yes,Yes,0.8,ACV,5000,800000,600000,350000,15000,,,1/6
PPK0001153,1,Grocery,13763,350000,Sales,1731,Special,Elite,Yes,Yes,Yes,0.9,RC,1000,275000,100000,100000,5000,,,1/6
PPK0001154,1,Building or Premises LRO,61212,3000,Area,8153,Special,None,No,No,No,0.9,RC,1000,335000,,40000,,,,1/6
PPK0001155,1,Restaurant,16900,500000,Sales,5275,Special,Elite,Yes,Yes,No,0.8,RC,1000,350000,75000,50000,,,,1/3
PPK0001156,1,Restaurant,16920,445000,Sales,1608,Special,Elite,Yes,Yes,No,0.8,RC,1000,,250000,60000,,,,1/4
PPK0001157,1,Building or Premises LRO,61212,4000,Area,2205,Special,None,No,No,No,0.9,RC,2500,500000,,30000,,,,1/3
PPK0001158,1,Grocery,13763,425000,Sales,2981,Special,Elite,Yes,Yes,No,0.8,RC,2500,300000,50000,40000,,150000,,1/6
PPK0001160,1,Restaurant,16900,270000,Sales,3179,Special,Elite,Yes,Yes,Yes,0.9,RC,1000,400000,300000,30000,,,,
PPK0001161,1,Restaurant,16910,665000,Sales,5907,Special,Elite,Yes,Yes,No,0.8,RC,1000,800000,250000,80000,,10000,,1/4
PPK0001162,1,Grocery,13763,550000,Sales,1476,Special,Elite,Yes,Yes,No,0.9,RC,1000,200000,35000,60000,5000,50000,35000,1/6
PPK0001163,1,Restaurant,16900,500000,Sales,5826,Special,Elite,Yes,Yes,No,0.8,RC,1000,500000,180000,,10000,,,
PPK0001164,1,Grocery,13763,650000,Sales,1505,Special,Elite,Yes,Yes,No,0.9,RC,1000,150000,70000,60000,5000,40000,40000,1/6
PPK0001165,1,Grocery,13673,1464850,Sales,12828,Special,Elite,Yes,Yes,No,0.8,RC,2500,780000,500000,450000,,,,1/4
PPK0001166,1,Grocery,13673,2110000,Sales,8484,Special,Elite,Yes,Yes,No,0.8,RC,2500,1200000,510000,450000,,,,1/4
PPK0001167,1,Lessors Risk,61212,2200,Sales,2432,Special,Elite,No,Yes,No,0.8,RC,2500,250000,40000,30000,,,,1/6
PPK0001168,1,Grocery,13673,500000,Sales,5921,Special,Elite,Yes,Yes,No,0.8,RC,2500,480000,300000,165000,5000,,,1/6
PPK0001169,1,Grocery,13763,600000,Sales,1171,Special,Elite,Yes,Yes,No,0.9,RC,1000,,50000,60000,5000,,,1/6
PPK0001170,1,Restaurant,16910,400000,Sales,4086,Special,Elite,Yes,Yes,Yes,0.8,ACV,2500,650000,100000,50000,5000,,,1/3
PPK0001171,1,Restaurant,16900,480000,Sales,6674,Special,Elite,Yes,Yes,No,0.8,RC,5000,355000,150000,150000,,,,1/6
PPK0001172,1,Grocery,13763,400000,Sales,2700,Special,Elite,Yes,Yes,No,0.9,RC,1000,280000,40000,60000,5000,60000,60000,1/6
PPK0001173,1,Restaurant,16910,405000,Sales,2140,Special,Elite,Yes,Yes,Yes,0.8,RC,1000,,250000,90000,5000,,,1/6
PPK0001174,1,Grocery,13763,450000,Sales,2582,Special,Elite,Yes,Yes,No,0.8,RC,1000,143000,40000,100000,45000,125000,125000,1/4
PPK0001175,1,Restaurant,16910,272000,Sales,1888,Special,Elite,Yes,Yes,No,0.8,RC,1000,200000,85000,60000,2500,,,1/6
PPK0001176,1,Restaurant,16900,190000,Sales,2631,Special,Elite,Yes,Yes,No,0.8,RC,1000,200000,80000,95000,,,,1/6
PPK0001177,1,Grocery,13763,350000,Sales,1017,Special,Elite,Yes,Yes,No,0.9,RC,1000,,50000,60000,5000,,,1/6
PPK0001178,1,Grocery,13763,500000,Sales,3561,Special,Elite,Yes,Yes,No,0.9,RC,1000,500000,80000,60000,5000,40000,50000,1/6
PPK0001179,1,Grocery,13763,818000,Sales,2054,Special,Elite,Yes,Yes,No,0.9,RC,1000,350000,75000,60000,5000,,,
PPK0001180,1,,13673,435000,Sales,2114,Special,Elite,Yes,Yes,No,1,RC,1000,,175000,100000,,,,1/6
PPK0001181,1,Grocery,13763,450000,Sales,2278,Special,Elite,Yes,Yes,No,0.9,RC,1000,350000,65000,60000,5000,50000,100000,1/6
PPK0001182,1,Grocery,13673,1000000,Sales,4194,Special,Elite,Yes,Yes,No,0.8,RC,5000,,200000,300000,,,,1/6
PPK0001183,1,Grocery,13763,700000,Sales,1995,Special,Elite,Yes,Yes,No,0.9,RC,2500,150000,60000,60000,5000,25000,25000,1/6
PPK0001184,1,Restaurant,16900,200000,Sales,2164,Special,Elite,Yes,Yes,Yes,0.9,RC,1000,80000,150000,100000,5000,,,
PPK0001185,1,Grocery,13763,720000,Sales,907,Special,Elite,Yes,Yes,No,0.9,RC,1000,,60000,60000,5000,,,1/6
PPK0001186,1,Grocery,13673,2000000,Sales,4876,Special,Elite,Yes,Yes,No,0.8,RC,1000,650000,400000,393383,,,,
PPK0001187,1,Restaurant,16900,150000,Sales,3283,Special,Elite,Yes,Yes,No,0.8,RC,1000,300000,50000,75000,,,,1/6
PPK0001188,1,Building or Premises LRO,61212,15252,Area,7245,Special,Elite,Yes,Yes,No,0.8,RC,2500,2345490,,150000,,,,1/6
PPK0001189,1,Grocery,13673,600000,Sales,3823,Special,Elite,Yes,Yes,No,0.9,RC,2500,200000,150000,30000,,,,1/3
PPK0001190,1,Grocery,13673,750000,Sales,3133,Special,Elite,Yes,Yes,Yes,0.8,RC,1000,350000,120000,263000,10000,,,1/6
PPK0001191,1,Grocery,13673,400000,Sales,1005,Special,Elite,Yes,Yes,No,0.9,RC,1000,,50000,60000,5000,,,1/6
PPK0001192,1,Building or Premises LRO,61212,2800,area,2906,Special,Elite,Yes,Yes,No,0.9,RC,1000,250000,,,,,,1/3
PPK0001193,1,Restaurant,16900,320000,Sales,1783,Special,Elite,Yes,Yes,No,0.9,RC,1000,100000,75000,30000,,,,
PPK0001194,1,Grocery,13763,550000,Sales,3595,Special,Elite,Yes,Yes,No,0.9,RC,2500,300000,100000,30000,,50000,50000,1/3
PPK0001195,1,Grocery,13763,365000,Sales,2712,Special,Elite,Yes,Yes,No,0.9,RC,2500,230000,80000,60000,5000,50000,60000,1/6
PPK0001196,1,Grocery,13763,195000,Sales,4809,Special,Elite,Yes,Yes,Yes,0.8,RC,1000,440000,220000,160000,5000,,,1/6
PPK0001197,1,Grocery,13673,2500000,Sales,13165,Special,Elite,Yes,Yes,Yes,0.8,ACV,5000,600000,650000,300000,,,,1/6
PPK0001198,1,Grocery,13673,500000,Sales,2708,Special,Elite,Yes,Yes,No,0.9,RC,1000,350000,250000,100000,5000,60000,70000,1/6
PPK0001199,1,Restaurant,16916,165000,Sales,1993,Special,Elite,Yes,No,No,0.8,RC,1000,250000,50000,40000,5000,,,1/4
PPK0001200,1,Restaurant,16915,80000,Sales,2993,Special,Elite,Yes,Yes,No,0.8,ACV,1000,617000,100000,,,,,
PPK0001201,1,Grocery,13673,230000,Sales,3427,Special,Elite,Yes,Yes,Yes,0.8,RC,10000,190000,55000,100000,,,,1/3
PPK0001202,1,Grocery,13673,1400000,Sales,7417,Special,Elite,Yes,Yes,No,0.8,RC,2500,400000,400000,200000,10000,,,1/6
PPK0001203,1,Restaurant,16900,250000,Sales,2703,Special,Elite,Yes,Yes,Yes,0.8,RC,1000,,300000,125000,,,,1/6
PPK0001204,1,Grocery,13763,1200000,Sales,4174,Special,Elite,Yes,Yes,Yes,0.9,RC,10000,,240000,100000,,,,1/6
PPK0001205,1,Grocery,16910,300000,Sales,5012,Special,Elite,Yes,Yes,Yes,,RC,1000,500000,300000,300000,,,,1/6
PPK0001206,1,Building or Premises LRO,61212,4500,Sales,1400,Special,Elite,Yes,Yes,No,0.9,RC,2500,400000,50000,,5000,,,
PPK0001207,1,Restaurant,16941,125000,Sales,1398,Special,Elite,Yes,Yes,No,0.8,RC,1000,150000,50000,30000,,,,1/4
PPK0001208,1,Grocery,13763,800000,Sales,3420,Special,Elite,Yes,Yes,No,0.9,RC,1000,400000,100000,30000,,130000,130000,1/3
PPK0001209,1,Grocery,13763,450000,Sales,1499,Special,Elite,Yes,Yes,Yes,0.9,RC,1000,80000,50000,30000,5000,50000,50000,1/3
PPK0001210,1,Grocery,13673,430000,Sales,2265,Special,Elite,Yes,Yes,Yes,0.9,RC,2500,50000,125000,30000,,,,1/3
PPK0001211,1,Restaurant,16920,850000,Sales,8683,Special,Elite,Yes,Yes,No,0.8,RC,5000,2500000,200000,150000,,,,1/6
PPK0001212,1,Grocery,13763,1200000,Sales,4084,Special,Elite,Yes,Yes,No,0.8,RC,2500,222655,50000,120000,,75000,104000,1/4
PPK0001213,1,Grocery,13763,750000,Sales,1922,Special,Elite,Yes,Yes,No,0.9,RC,1000,225000,50000,60000,5000,50000,70000,1/6
PPK0001214,1,Grocery,13763,1240000,Sales,1897,Special,Elite,Yes,Yes,No,0.9,RC,1000,250000,75000,60000,5000,50000,75000,1/6
PPK0001215,1,Grocery,13673,1139000,Sales,5924,Special,Elite,Yes,Yes,No,0.8,RC,2500,585000,250000,60000,,,,1/6
PPK0001216,1,Restaurant,16930,510000,Sales,2383,Special,Elite,Yes,Yes,No,0.8,RC,1000,380000,60000,80000,,,,1/6
PPK0001217,1,Grocery,13673,450000,Sales,1045,Special,None,No,Yes,No,0.9,RC,1000,100000,55000,40000,5000,25000,20000,1/6
PPK0001218,1,Grocery,13763,1520000,Sales,2821,Special,Elite,Yes,Yes,Yes,0.8,RC,1000,,400000,150000,,6000,,
PPK0001219,1,Grocery,13763,2006000,Sales,3429,Special,Elite,Yes,Yes,Yes,0.8,RC,1000,677000,90000,250000,,25000,,1/6
PPK0001220,1,Restaurant,16916,550000,Sales,2010,Special,Elite,Yes,Yes,No,0.8,RC,1000,,350000,150000,10000,,,1/6
PPK0001221,1,Restaurant,16900,251000,Sales,1998,Special,None,No,Yes,No,0.8,RC,1000,350000,150000,120000,,,,1/6
PPK0001222,1,Building or Premises LRO,61212,2000,Area,926,Special,None,No,No,No,0.9,RC,1000,250000,,35000,5000,,,1/6
PPK0001223,1,Restaurant,16915,500000,Sales,2997,Special,Elite,Yes,Yes,No,0.8,RC,1000,650000,100000,250000,,,,1/6
PPK0001224,1,Grocery,13673,370000,Sales,3677,Special,Elite,Yes,Yes,No,0.9,RC,2500,250000,150000,30000,,,,1/3
PPK0001225,1,Building or Premises LRO,61212,3000,Area,1813,Special,Elite,Yes,Yes,No,0.8,RC,2500,300000,,,10000,,,1/6
PPK0001226,1,Grocery,13673,335000,,2722,Special,Elite,Yes,Yes,No,0.8,RC,1000,,200000,60000,,,,1/6
PPK0001227,1,Grocery,13763,720000,Sales,1911,Special,Elite,Yes,Yes,No,0.9,RC,1000,250000,40000,60000,5000,40000,80000,1/6
PPK0001228,1,Grocery,13763,470000,Sales,8938,Special,Elite,Yes,Yes,No,0.8,RC,2500,300000,50000,40000,7500,,,
PPK0001229,1,Grocery,13763,400000,Sales,2362,Special,Elite,Yes,Yes,No,0.9,RC,1000,250000,100000,30000,,100000,60000,1/3
PPK0001230,1,Grocery,13763,875000,Sales,5330,Special,Elite,Yes,Yes,No,0.9,RC,2500,400000,280000,,,,,1/6
PPK0001231,1,Restaurant,16900,250000,Sales,2051,Special,Elite,Yes,Yes,Yes,0.9,RC,1000,,200000,120000,5000,,,1/6
PPK0001232,1,Grocery,13763,619000,Sales,1678,Special,Elite,Yes,Yes,No,0.8,RC,1000,225000,40000,60000,,30000,57600,1/4
PPK0001233,1,Grocery,13763,450000,Sales,1759,Special,Elite,Yes,Yes,No,0.9,RC,1000,175000,75000,30000,,50000,50000,1/3
PPK0001234,1,Store-Not Food or Drink,18437,70000,Sales,404,Special,None,No,Yes,No,0.9,RC,1000,,35000,60000,,,,1/6
PPK0001235,1,Building or Premises LRO,61212,5000,area,1678,Special,Elite,Yes,Yes,No,0.9,RC,1000,650000,,60000,5000,,,1/6
PPK0001236,1,Restaurant,16916,906644,Sales,2917,Special,Elite,Yes,Yes,Yes,0.8,RC,1000,300000,100000,,5000,,,1/3
PPK0001237,1,Grocery,13763,480000,Sales,1855,Special,Elite,Yes,Yes,No,0.9,RC,2500,50000,100000,30000,,,,1/3
PPK0001238,1,Grocery,13763,500000,Sales,2638,Special,Elite,Yes,Yes,No,0.9,RC,2500,230000,60000,60000,5000,35000,30000,1/6
PPK0001239,1,Stores-Not Food or Drink,18437,550000,Sales,1223,Special,Elite,Yes,Yes,No,0.9,RC,1000,25000,75000,30000,,,,1/3
PPK0001240,1,Grocery,13763,500000,Sales,2377,Special,Elite,Yes,Yes,No,0.9,RC,1000,240000,60000,60000,5000,35000,30000,1/6
PPK0001241,1,Building or Premises LRO,61212,5000,Area,1694,Special,Elite,Yes,Yes,No,0.9,RC,1000,500000,,30000,,,,
PPK0001242,1,Grocery,13673,2160000,,4937,Special,Elite,No,Yes,Yes,0.8,RC,5000,400000,200000,,,,,
PPK0001243,1,Grocery,13763,400000,Sales,2095,Special,Elite,Yes,Yes,No,0.9,RC,1000,150000,50000,60000,5000,40000,40000,1/6
PPK0001244,1,Grocery,13763,600000,Sales,1981,Special,Elite,Yes,Yes,Yes,0.9,RC,2500,,70000,30000,,50000,50000,1/3
PPK0001245,1,Restaurant,16900,400000,Sales,1146,Special,Elite,Yes,Yes,Yes,0.9,RC,1000,50000,100000,30000,,,,1/3
PPK0001246,1,Grocery,13763,300000,Sales,2384,Special,Elite,Yes,Yes,No,0.9,RC,2500,175000,50000,30000,,30000,30000,1/3
PPK0001247,1,Grocery,13763,500000,Sales,2385,Special,Elite,Yes,Yes,No,0.8,RC,1000,140000,50000,50000,,75000,45000,1/4
PPK0001249,1,Restaurant,16920,300000,Sales,2716,Special,Elite,Yes,Yes,No,0.8,RC,1000,500000,40000,100000,,,,1/6
PPK0001250,1,Grocery,13763,700000,Sales,1794,Special,Elite,Yes,Yes,No,0.9,RC,1000,200000,80000,60000,5000,50000,70000,1/6
PPK0001251,1,Grocery,13763,500000,Sales,2965,Special,Elite,Yes,Yes,No,0.9,RC,1000,350000,50000,60000,5000,80000,50000,1/6
PPK0001252,1,Grocery,13673,600000,Sales,4580,Special,Elite,Yes,Yes,No,0.8,RC,2500,200000,150000,100000,,,,1/6
PPK0001253,1,Restaurant,16910,415000,Sales,3468,Special,Elite,Yes,Yes,No,0.9,RC,1000,400000,200000,100000,,,,1/6
PPK0001254,1,Grocery,13763,600000,Sales,4136,Special,Elite,Yes,Yes,No,0.9,RC,2500,420000,50000,60000,5000,80000,90000,1/6
PPK0001255,1,Grocery,13763,400000,Sales,3223,Special,Elite,Yes,Yes,No,0.9,RC,2500,280000,80000,30000,,50000,50000,1/3
PPK0001256,1,Grocery,13763,420000,Sales,1698,Special,Elite,Yes,Yes,No,0.9,RC,2500,125000,50000,40000,,20000,25000,1/4
PPK0001257,1,Grocery,13763,450000,Sales,4275,Special,Elite,Yes,Yes,No,0.9,RC,2500,650000,100000,30000,,60000,60000,1/3
PPK0001258,1,Restaurant,,189000,Sales,4250,Special,Elite,Yes,Yes,Yes,0.8,RC,1000,450000,50000,,5000,,,1/4
PPK0001259,1,Building or Premises LRO,61212,7000,Area,4094,Special,Elite,Yes,Yes,No,0.9,RC,1000,1000000,550000,80000,,,,1/3
PPK0001260,1,Grocery,13763,480000,Sales,3428,Special,Elite,Yes,Yes,Yes,0.9,RC,1000,500000,150000,30000,,40000,60000,1/3
PPK0001261,1,Grocery,,715000,Sales,5355,Special,Elite,Yes,Yes,No,0.8,RC,2500,400000,350000,50000,,,,1/6
PPK0001262,1,,13673,200000,,3833,Special,Elite,Yes,Yes,No,0,RC,10000,220000,70000,150000,,40000,40000,1/6
PPK0001263,1,Grocery,13763,400000,Sales,2175,Special,Elite,Yes,Yes,Yes,0.8,RC,1000,270000,65000,140000,10000,,,1/6
PPK0001264,1,Restaurant,16900,91000,Sales,1526,Special,Elite,Yes,No,Yes,0.8,RC,1000,165000,50000,91000,,,,1/6
PPK0001265,1,Grocery,13763,280000,Sales,2812,Special,Elite,Yes,Yes,Yes,0.9,RC,1000,510000,100000,250000,5000,40000,,1/3
PPK0001266,1,Restaurant,16920,105000,Sales,5585,Special,Elite,Yes,Yes,No,0.8,RC,1000,375000,60000,60000,6500,,,1/6
PPK0001267,1,Building or Premises,61212,13000,Area,3661,Special,Elite,Yes,Yes,No,0.9,RC,1000,900000,,60000,5000,50000,50000,1/6
PPK0001269,1,Grocery,13763,700000,Sales,2976,Special,Elite,Yes,Yes,No,0.9,RC,1000,250000,100000,60000,5000,60000,50000,1/6
PPK0001270,1,Grocery,13763,1150000,Sales,8114,Special,Elite,Yes,Yes,Yes,0.8,RC,1000,400000,400000,100000,5000,,,1/4
PPK0001271,1,Grocery,13763,400000,Sales,1082,Special,Elite,Yes,Yes,No,0.9,RC,1000,,40000,60000,,5000,,1/6
PPK0001272,1,Restaurant,16916,975000,Sales,7146,Special,Elite,Yes,Yes,No,0.9,RC,1000,680000,370000,350000,,,,1/6
PPK0001273,1,Restaurant,16916,240000,Sales,1919,Special,Elite,Yes,Yes,No,0.9,RC,1000,414000,165000,,,,,1/6
PPK0001274,1,Grocery,13763,480000,Sales,2348,Special,Elite,Yes,Yes,No,0.9,RC,1000,250000,35000,60000,5000,20000,60000,1/6
PPK0001275,1,Grocery,13763,100000,Sales,600,Special,None,No,No,No,0.8,RC,1000,,50000,,,,,
PPK0001278,1,Grocery,13763,730000,Sales,913,Special,Elite,Yes,Yes,No,0.9,RC,2500,,50000,60000,,,,1/6
PPK0001279,1,Restaurant,16910,681000,Sales,1280,Special,Elite,Yes,Yes,Yes,0.9,RC,1000,,125000,,5000,,,
PPK0001280,1,Grocery,13763,480000,Sales,1346,Special,Elite,Yes,Yes,No,0.9,RC,1000,,75000,30000,,50000,50000,1/3
PPK0001281,1,Building or Premise LRO,61212,3000,Area,2060,Special,None,Yes,No,No,0.9,RC,1000,375000,,48900,,,,1/6
PPK0001282,1,Grocery,13763,350000,Sales,2070,Special,Elite,Yes,Yes,No,0.8,RC,1000,330000,100000,150000,5000,,,
PPK0001283,1,Grocery,13763,450000,Sales,817,Special,Elite,Yes,Yes,No,0.8,RC,1000,75000,,40000,,,,1/6
PPK0001284,1,Grocery,13763,400000,Sales,2858,Special,Elite,Yes,Yes,No,0.9,RC,1000,390000,112000,60000,5000,70000,65000,1/6
PPK0001285,1,Grocery,13673,880000,Sales,2093,Special,Elite,Yes,Yes,No,0.9,RC,1000,289000,75000,,,110000,75000,
PPK0001286,1,Grocery,13763,400000,Sales,698,Special,Elite,No,Yes,No,0.8,RC,1000,,75000,30000,,,,1/3
PPK0001287,1,Grocery,13673,600000,Sales,3007,Special,Elite,Yes,Yes,Yes,0.8,RC,1000,650000,250000,200000,,,,1/3
PPK0001288,1,Restaurant,16900,500000,Sales,3834,Special,Elite,Yes,Yes,Yes,0.8,RC,1000,600000,250000,250000,5000,,,1/6
PPK0001289,1,Grocery,13673,1000000,Sales,4545,Special,None,No,No,No,0.9,RC,2500,355000,90000,140000,10000,92000,80000,
PPK0001290,1,Grocery,13763,500000,Sales,3092,Special,Elite,Yes,Yes,No,0.9,RC,1000,450000,75000,100000,5000,40000,100000,1/6
PPK0001291,1,Grocery,13763,419680,Sales,1144,Special,Elite,Yes,Yes,No,0.8,ACV,10000,80000,40000,,,,,
PPK0001292,1,Grocery,13763,1000000,Sales,2530,Special,Elite,Yes,Yes,No,0.8,RC,1000,294000,163000,100000,,,,1/6
PPK0001294,1,Grocery,13763,750000,Sales,1741,Special,Elite,Yes,Yes,Yes,0.9,RC,1000,,200000,60000,5000,,,1/6
PPK0001295,1,Grocery,13763,600000,Sales,1806,Special,Elite,Yes,Yes,No,0.9,RC,1000,150000,70000,60000,5000,60000,40000,1/6
PPK0001296,1,Restaurant,16910,381000,Sales,3161,Special,Elite,Yes,Yes,No,0.8,RC,1000,465000,10000,120000,,,,
PPK0001297,1,Grocery,13763,300000,Sales,2288,Special,Elite,Yes,Yes,No,0.9,RC,1000,200000,60000,60000,5000,40000,100000,1/6
PPK0001298,1,Grocery,13763,400000,Sales,2231,Special,Elite,Yes,Yes,No,0.9,RC,1000,300000,40000,60000,5000,80000,150000,1/6
PPK0001299,1,Grocery,13763,800000,Sales,2060,Special,Elite,Yes,Yes,No,0.8,RC,1000,,300000,90000,,,,1/6
PPK0001300,1,Restaurant,16920,152000,Sales,,Special,None,No,No,No,,RC,,,,,,,,
PPK0001301,1,Grocery,13763,600000,Sales,2539,Special,Elite,Yes,Yes,No,0.9,RC,1000,250000,100000,30000,,90000,60000,1/3
PPK0001302,1,Grocery,13763,360000,Sales,1956,Special,Elite,Yes,Yes,No,0.9,RC,1000,100000,50000,30000,,40000,60000,1/3
PPK0001303,1,Grocery,13763,600000,Sales,1802,Special,Elite,Yes,Yes,No,0.9,RC,1000,200000,75000,30000,,100000,50000,1/3